{
  "single_face": {
    "orig_size": [
      450,
      375
    ],
    "normalized_boxes": [
      [
        0.23555555939674377,
        0.30933332443237305,
        0.551111102104187,
        0.6880000233650208
      ]
    ],
    "resized_boxes": [
      [
        0.23555555939674377,
        0.33590278029441833,
        0.551111102104187,
        0.6514583230018616
      ]
    ],
    "positive_indices": [
      210,
      211,
      674,
      675,
      676,
      677,
      678,
      679
    ]
  },
  "multi_face": {
    "orig_size": [
      377,
      449
    ],
    "normalized_boxes": [
      [
        0.4774535894393921,
        0.7282850742340088,
        0.5437665581703186,
        0.7839643359184265
      ],
      [
        0.5570291876792908,
        0.9175946712493896,
        0.6419098377227783,
        0.9888641238212585
      ],
      [
        0.5384615659713745,
        0.6837416291236877,
        0.6153846383094788,
        0.7483296394348145
      ],
      [
        0.20159150660037994,
        0.26948773860931396,
        0.4482758641242981,
        0.47661471366882324
      ],
      [
        0.4031830132007599,
        0.8730512261390686,
        0.4482758641242981,
        0.9109131693840027
      ],
      [
        0.4190981388092041,
        0.1269487738609314,
        0.4933687150478363,
        0.18930958211421967
      ],
      [
        0.6100795865058899,
        0.031180400401353836,
        0.7002652287483215,
        0.10690423101186752
      ],
      [
        0.456233412027359,
        0.8507795333862305,
        0.5198938846588135,
        0.904231607913971
      ],
      [
        0.4933687150478363,
        0.6302895545959473,
        0.5676392316818237,
        0.692650318145752
      ],
      [
        0.4323607385158539,
        0.9220489859580994,
        0.49602121114730835,
        0.9755011200904846
      ],
      [
        0.4323607385158539,
        0.781737208366394,
        0.4933687150478363,
        0.832962155342102
      ],
      [
        0.5039787888526917,
        0.8841871023178101,
        0.5649867653846741,
        0.9354120492935181
      ],
      [
        0.4270557165145874,
        0.6325166821479797,
        0.4774535894393921,
        0.6748329401016235
      ],
      [
        0.3740053176879883,
        0.5412026643753052,
        0.4190981388092041,
        0.5812917351722717
      ],
      [
        0.47480106353759766,
        0.9510022401809692,
        0.5358090400695801,
        0.9977728128433228
      ],
      [
        0.3819628655910492,
        0.7082405090332031,
        0.41644561290740967,
        0.737193763256073
      ],
      [
        0.4270557165145874,
        0.5902004241943359,
        0.47480106353759766,
        0.6302895545959473
      ],
      [
        0.43766579031944275,
        0.4097995460033417,
        0.511936366558075,
        0.47216036915779114
      ],
      [
        0.485411137342453,
        0.8017817139625549,
        0.5543766617774963,
        0.8596882224082947
      ],
      [
        0.44562333822250366,
        0.03786191716790199,
        0.5225464105606079,
        0.10244988650083542
      ],
      [
        0.44297081232070923,
        0.7037861943244934,
        0.49071618914604187,
        0.74387526512146
      ],
      [
        0.48275861144065857,
        0.474387526512146,
        0.5437665581703186,
        0.525612473487854
      ],
      [
        0.3289124667644501,
        0.4832962155342102,
        0.36339521408081055,
        0.5122494697570801
      ],
      [
        0.5596817135810852,
        0.8797327280044556,
        0.6259946823120117,
        0.9354120492935181
      ],
      [
        0.4350132644176483,
        0.518930971622467,
        0.49602121114730835,
        0.570155918598175
      ],
      [
        0.4031830132007599,
        0.42538976669311523,
        0.45092839002609253,
        0.4654788374900818
      ],
      [
        0.39257293939590454,
        0.21826280653476715,
        0.42970821261405945,
        0.2494432032108307
      ],
      [
        0.37931033968925476,
        0.7461024522781372,
        0.41644561290740967,
        0.7772828340530396
      ],
      [
        0.36339521408081055,
        0.890868604183197,
        0.3978779911994934,
        0.9198217988014221
      ],
      [
        0.3687002658843994,
        0.8195990920066833,
        0.4031830132007599,
        0.8485523462295532
      ],
      [
        0.3607427179813385,
        0.5144765973091125,
        0.3978779911994934,
        0.5456570386886597
      ],
      [
        0.40848806500434875,
        0.9086859822273254,
        0.45358091592788696,
        0.9465478658676147
      ],
      [
        0.36339521408081055,
        0.46325168013572693,
        0.395225465297699,
        0.48997771739959717
      ]
    ],